firstname,lastname,url,party,twitter
Alistair,Carmichael,uk.org.publicwhip/member/2006,LDem,acarmichaelmp
Adam,Afriyie,uk.org.publicwhip/member/1929,Con,AdamAfriyie
Adam,Price,uk.org.publicwhip/member/1485,PC,AdamPriceMP
Alan,Duncan,uk.org.publicwhip/member/1795,Con,AlanDuncanMP
Alison,Seabeck,uk.org.publicwhip/member/1760,Lab,alisonseabeck
Andrew,Gwynne,uk.org.publicwhip/member/1531,Lab,Andrew_GwynneMP
Andrew,George,uk.org.publicwhip/member/1801,LDem,AndrewGeorgeMP
Andrew,Rosindell,uk.org.publicwhip/member/1786,Con,AndrewRosindell
Andy,Reed,uk.org.publicwhip/member/1694,Lab,andyreedmp
Andrew,Slaughter,uk.org.publicwhip/member/1559,Lab,AndySlaughterMP
Anne,Snelgrove,uk.org.publicwhip/member/1866,Lab,annesnelgrovemp
Ann,Keen,uk.org.publicwhip/member/1448,Lab,annkeenmp
Ben,Bradshaw,uk.org.publicwhip/member/1580,Lab,BenBradshawMP
Brian,Iddon,uk.org.publicwhip/member/1432,Lab,brianiddonmp
Celia,Barlow,uk.org.publicwhip/member/1644,Lab,CeliaBarlowMP
David,Chaytor,uk.org.publicwhip/member/1466,Lab,chaytord
Chris,Bryant,uk.org.publicwhip/member/1779,Lab,ChrisBryantMP
Christopher,Huhne,uk.org.publicwhip/member/1565,LDem,ChrisHuhne
Crispin,Blunt,uk.org.publicwhip/member/1778,Con,crispinbluntmp
Danny,Alexander,uk.org.publicwhip/member/1995,LDem,dannyalexander
Dari,Taylor,uk.org.publicwhip/member/1840,Lab,DariTaylorMP
David,Cairns,uk.org.publicwhip/member/1994,Lab,davidcairnsmp
David,Drew,uk.org.publicwhip/member/1850,Lab,DavidDrewMP
David,Evennett,uk.org.publicwhip/member/1408,Con,davidevennett
David,Jones,uk.org.publicwhip/member/1506,Con,davidjonesmp
David,Kidney,uk.org.publicwhip/member/1833,Lab,davidkidney
David,Lammy,uk.org.publicwhip/member/1882,Lab,DavidLammyMP
David,Wright,uk.org.publicwhip/member/1871,Lab,DavidWrightMP
Denis,MacShane,uk.org.publicwhip/member/1790,Lab,DenisMacShane
Shahid,Malik,uk.org.publicwhip/member/1542,Lab,DewsburyMP
Diana,Johnson,uk.org.publicwhip/member/1647,Lab,DianaJohnsonMP
David,Miliband,uk.org.publicwhip/member/1826,Lab,DMiliband
Douglas,Carswell,uk.org.publicwhip/member/1621,Con,DouglasCarswell
Edward,Balls,uk.org.publicwhip/member/1740,Lab,edballsmp
Edward,Davey,uk.org.publicwhip/member/1662,LDem,eddaveymp
Edward,Miliband,uk.org.publicwhip/member/1545,Lab,EdMilibandMP
Edward,Vaizey,uk.org.publicwhip/member/1905,Con,edvaizey
Elliot,Morley,uk.org.publicwhip/member/1805,Lab,elliotmorley
Eric,Joyce,uk.org.publicwhip/member/1983,Lab,ericjoyce
Eric,Pickles,uk.org.publicwhip/member/1449,Con,EricPickles
Frank,Field,uk.org.publicwhip/member/1410,Lab,frankfieldteam
George,Galloway,uk.org.publicwhip/member/1405,Res,georgegalloway
Gillian,Merron,uk.org.publicwhip/member/1686,Lab,GillianMerron
Gisela,Stuart,uk.org.publicwhip/member/1411,Lab,GiselaStuart
Graham,Stuart,uk.org.publicwhip/member/1406,Con,grahamstuart
Grant,Shapps,uk.org.publicwhip/member/1917,Con,grantshapps
Greg,Mulholland,uk.org.publicwhip/member/1672,LDem,GregMulholland1
Harriet,Harman,uk.org.publicwhip/member/1472,Lab,HarrietHarman
Hazel,Blears,uk.org.publicwhip/member/1802,Lab,HazelBlearsMP
Hywel,Williams,uk.org.publicwhip/member/1469,PC,HywelWplaidcym
Ian,Cawsey,uk.org.publicwhip/member/1452,Lab,iancawsey
James,Plaskitt,uk.org.publicwhip/member/1909,Lab,JamesPlaskittMP
James,Brokenshire,uk.org.publicwhip/member/1640,Con,JBrokenshire
Julia,Goldsworthy,uk.org.publicwhip/member/1581,LDem,jgoldsworthy
Jim,Knight,uk.org.publicwhip/member/1548,Lab,jimknightmp
Jim,Murphy,uk.org.publicwhip/member/2010,Lab,JimMurphyMP
James,Purnell,uk.org.publicwhip/member/1836,Lab,jimpurnell
John,Denham,uk.org.publicwhip/member/1827,Lab,Johndenhammp
John,Prescott,uk.org.publicwhip/member/1646,Lab,JohnPrescott
Jo,Swinson,uk.org.publicwhip/member/1971,LDem,joswinson
Tessa,Jowell,uk.org.publicwhip/member/1555,Lab,jowellt
Kerry,McCarthy,uk.org.publicwhip/member/1455,Lab,KerryMP
Kevin,Brennan,uk.org.publicwhip/member/1483,Lab,KevinBrennanMP
Lembit,Öpik,uk.org.publicwhip/member/1720,LDem,lembitopik
Lynne,Featherstone,uk.org.publicwhip/member/1641,LDem,lfeatherstone
Liam,Byrne,uk.org.publicwhip/member/1414,Lab,LiamByrneMP
Linda,Riordan,uk.org.publicwhip/member/1607,Lab,Linda_Riordan
Linda,Gilroy,uk.org.publicwhip/member/1761,Lab,LindaGilroyMP
Louise,Ellman,uk.org.publicwhip/member/1688,Lab,LouiseEllman
Malcolm,Bruce,uk.org.publicwhip/member/1993,LDem,malcolmbruce
Margaret,Moran,uk.org.publicwhip/member/1698,Lab,margaretmoranmp
Mark,Durkan,uk.org.publicwhip/member/1589,SDLP,markdurkan
Michael,Meacher,uk.org.publicwhip/member/1753,Lab,michaelmeacher
Michael,Fabricant,uk.org.publicwhip/member/1685,Con,Mike_Fabricant
Michael,Foster,uk.org.publicwhip/member/1939,Lab,MikeFosterMP
Mike,Gapes,uk.org.publicwhip/member/1652,Lab,MikeGapes
Mike,O'Brien,uk.org.publicwhip/member/1910,Lab,MikeOBrienMP
Michael,Weir,uk.org.publicwhip/member/1959,SNP,mikeweirmp
Michael,Moore,uk.org.publicwhip/member/1965,LDem,mooremichaelk
Angus,Robertson,uk.org.publicwhip/member/2002,SNP,MorayMP
David,Mundell,uk.org.publicwhip/member/1970,Con,mundelld
Nadine,Dorries,uk.org.publicwhip/member/1397,Con,NadineDorriesMP
Nicholas,Clegg,uk.org.publicwhip/member/1812,LDem,nick_clegg
Nick,Palmer,uk.org.publicwhip/member/1462,Lab,NickPalmerMP
Norman,Lamb,uk.org.publicwhip/member/1736,LDem,normanlamb
Parmjit,Dhanda,uk.org.publicwhip/member/1595,Lab,ParmjitDhanda
Patrick,McFadden,uk.org.publicwhip/member/1936,Lab,patmcfaddenmp
Paul,Clark,uk.org.publicwhip/member/1594,Lab,paulclarkmp
Paul,Rowen,uk.org.publicwhip/member/1784,LDem,PaulRowen
Peter,Hain,uk.org.publicwhip/member/1723,Lab,peterhain
Peter,Lilley,uk.org.publicwhip/member/1638,Con,PeterLilleyMP
Pete,Wishart,uk.org.publicwhip/member/2009,SNP,Petewishart
Phil,Willis,uk.org.publicwhip/member/1617,LDem,philwillismp
Phyllis,Starkey,uk.org.publicwhip/member/1716,Lab,PhyllisStarkey
Robert,Wilson,uk.org.publicwhip/member/1773,Con,robwilsonmp
Russell,Brown,uk.org.publicwhip/member/1969,Lab,russellbrownmp
Sadiq,Khan,uk.org.publicwhip/member/1878,Lab,SadiqKhan
Sandra,Gidley,uk.org.publicwhip/member/1787,LDem,SandraGidley
Sion,Simon,uk.org.publicwhip/member/1412,Lab,sionsimon
Sarah,McCarthy-Fry,uk.org.publicwhip/member/1766,Lab,smccarthyfry
John,Spellar,uk.org.publicwhip/member/1906,Lab,spellar
Stephen,Timms,uk.org.publicwhip/member/1563,Lab,stephenctimms
Stephen,McCabe,uk.org.publicwhip/member/1413,Lab,stevemccabemp
Steve,Webb,uk.org.publicwhip/member/1743,LDem,stevewebb1
Susan,Kramer,uk.org.publicwhip/member/1783,LDem,SusanKramer
Tom,Brake,uk.org.publicwhip/member/1487,LDem,thomasbrake
Tim,Farron,uk.org.publicwhip/member/1923,LDem,timfarron
Tom,Watson,uk.org.publicwhip/member/1919,Lab,tom_watson
Tom,Harris,uk.org.publicwhip/member/1990,Lab,TomHarrisMP
Tom,Levitt,uk.org.publicwhip/member/1637,Lab,tomlevittmp
Anthony D,Wright,uk.org.publicwhip/member/1601,Lab,tonywrightmp
Vera,Baird,uk.org.publicwhip/member/1775,Lab,VeraBaird
Vincent,Cable,uk.org.publicwhip/member/1885,LDem,vincecable
Virendra,Sharma,uk.org.publicwhip/member/2027,Lab,VirendraSharma
Ann,Widdecombe,uk.org.publicwhip/member/1701,Con,widdecombepp
Willie,Rennie,uk.org.publicwhip/member/2021,LDem,willierenniemp
Derek,Wyatt,uk.org.publicwhip/member/1819,Lab,wyattd
Adam,Holloway,uk.org.publicwhip/member/1599,Con
Alistair,Burt,uk.org.publicwhip/member/1398,Con
Andrew,Lansley,uk.org.publicwhip/member/1476,Con
Andrew,MacKay,uk.org.publicwhip/member/1439,Con
Andrew,Mitchell,uk.org.publicwhip/member/1862,Con
Andrew,Murrison,uk.org.publicwhip/member/1922,Con
Andrew,Robathan,uk.org.publicwhip/member/1422,Con
Andrew,Selous,uk.org.publicwhip/member/1399,Con
Andrew,Turner,uk.org.publicwhip/member/1654,Con
Andrew,Tyrie,uk.org.publicwhip/member/1498,Con
Angela,Browning,uk.org.publicwhip/member/1876,Con
Angela,Watkinson,uk.org.publicwhip/member/1891,Con
Ann,Winterton,uk.org.publicwhip/member/1509,Con
Anne,Main,uk.org.publicwhip/member/1798,Con
Anne,McIntosh,uk.org.publicwhip/member/1896,Con
Anne,Milton,uk.org.publicwhip/member/1603,Con
Anthony,Steen,uk.org.publicwhip/member/1881,Con
Ben,Wallace,uk.org.publicwhip/member/1668,Con
Bernard,Jenkin,uk.org.publicwhip/member/1579,Con
Bill,Wiggin,uk.org.publicwhip/member/1679,Con
Bob,Neill,uk.org.publicwhip/member/2023,Con
Brian,Binley,uk.org.publicwhip/member/1742,Con
Brooks,Newmark,uk.org.publicwhip/member/1443,Con
Caroline,Spelman,uk.org.publicwhip/member/1711,Con
Charles,Hendry,uk.org.publicwhip/member/1913,Con
Charles,Walker,uk.org.publicwhip/member/1461,Con
Cheryl,Gillan,uk.org.publicwhip/member/1495,Con
Chloe,Smith,uk.org.publicwhip/member/40032,Con
Chris,Grayling,uk.org.publicwhip/member/1575,Con
Christopher,Chope,uk.org.publicwhip/member/1502,Con
Christopher,Fraser,uk.org.publicwhip/member/1739,Con
Damian,Green,uk.org.publicwhip/member/1379,Con
Daniel,Kawczynski,uk.org.publicwhip/member/1817,Con
David,Amess,uk.org.publicwhip/member/1829,Con
David,Burrowes,uk.org.publicwhip/member/1573,Con
David,Cameron,uk.org.publicwhip/member/1932,Con
David,Curry,uk.org.publicwhip/member/1820,Con
David,Davies,uk.org.publicwhip/member/1719,Con
David,Davis,uk.org.publicwhip/member/2034,Con
David,Gauke,uk.org.publicwhip/member/1633,Con
David,Heathcoat-Amory,uk.org.publicwhip/member/1916,Con
David,Lidington,uk.org.publicwhip/member/1381,Con
David,Maclean,uk.org.publicwhip/member/1758,Con
David,Ruffley,uk.org.publicwhip/member/1468,Con
David,Tredinnick,uk.org.publicwhip/member/1436,Con
David,Willetts,uk.org.publicwhip/member/1623,Con
David,Wilshire,uk.org.publicwhip/member/1832,Con
Desmond,Swayne,uk.org.publicwhip/member/1725,Con
Dominic,Grieve,uk.org.publicwhip/member/1394,Con
Douglas,Hogg,uk.org.publicwhip/member/1821,Con
Edward,Garnier,uk.org.publicwhip/member/1615,Con
Edward,Leigh,uk.org.publicwhip/member/1591,Con
Edward,Timpson,uk.org.publicwhip/member/2032,Con
Eleanor,Laing,uk.org.publicwhip/member/1574,Con
Francis,Maude,uk.org.publicwhip/member/1642,Con
Gary,Streeter,uk.org.publicwhip/member/1540,Con
Geoffrey,Clifton-Brown,uk.org.publicwhip/member/1515,Con
Geoffrey,Cox,uk.org.publicwhip/member/1541,Con
George,Osborne,uk.org.publicwhip/member/1868,Con
George,Young,uk.org.publicwhip/member/1613,Con
Gerald,Howarth,uk.org.publicwhip/member/1369,Con
Graham,Brady,uk.org.publicwhip/member/1371,Con
Greg,Clark,uk.org.publicwhip/member/1884,Con
Greg,Hands,uk.org.publicwhip/member/1610,Con
Greg,Knight,uk.org.publicwhip/member/1954,Con
Gregory,Barker,uk.org.publicwhip/member/1407,Con
Henry,Bellingham,uk.org.publicwhip/member/1737,Con
Hugh,Robertson,uk.org.publicwhip/member/1583,Con
Hugo,Swire,uk.org.publicwhip/member/1538,Con
Humfrey,Malins,uk.org.publicwhip/member/1933,Con
Iain,Duncan Smith,uk.org.publicwhip/member/1499,Con
Ian,Liddell-Grainger,uk.org.publicwhip/member/1451,Con
Ian,Taylor,uk.org.publicwhip/member/1578,Con
Jacqui,Lait,uk.org.publicwhip/member/1395,Con
James,Arbuthnot,uk.org.publicwhip/member/1612,Con
James,Clappison,uk.org.publicwhip/member/1634,Con
James,Duddridge,uk.org.publicwhip/member/1785,Con
James,Gray,uk.org.publicwhip/member/1926,Con
James,Paice,uk.org.publicwhip/member/1477,Con
Jeremy,Hunt,uk.org.publicwhip/member/1859,Con
Jeremy,Wright,uk.org.publicwhip/member/1791,Con
John,Baron,uk.org.publicwhip/member/1409,Con
John,Butterfill,uk.org.publicwhip/member/1438,Con
John,Greenway,uk.org.publicwhip/member/1796,Con
John,Gummer,uk.org.publicwhip/member/1852,Con
John,Hayes,uk.org.publicwhip/member/1825,Con
John,Horam,uk.org.publicwhip/member/1754,Con
John,Howell,uk.org.publicwhip/member/2033,Con
John,Maples,uk.org.publicwhip/member/1847,Con
John,Penrose,uk.org.publicwhip/member/1924,Con
John,Randall,uk.org.publicwhip/member/1893,Con
John,Redwood,uk.org.publicwhip/member/1934,Con
John,Stanley,uk.org.publicwhip/member/1877,Con
John,Whittingdale,uk.org.publicwhip/member/1703,Con
Jonathan,Djanogly,uk.org.publicwhip/member/1649,Con
Julian,Brazier,uk.org.publicwhip/member/1479,Con
Julian,Lewis,uk.org.publicwhip/member/1724,Con
Julie,Kirkbride,uk.org.publicwhip/member/1460,Con
Justine,Greening,uk.org.publicwhip/member/1771,Con
Keith,Simpson,uk.org.publicwhip/member/1735,Con
Kenneth,Clarke,uk.org.publicwhip/member/1794,Con
Laurence,Robertson,uk.org.publicwhip/member/1872,Con
Lee,Scott,uk.org.publicwhip/member/1651,Con
Liam,Fox,uk.org.publicwhip/member/1938,Con
Malcolm,Moss,uk.org.publicwhip/member/1474,Con
Malcolm,Rifkind,uk.org.publicwhip/member/1660,Con
Maria,Miller,uk.org.publicwhip/member/1389,Con
Mark,Field,uk.org.publicwhip/member/1503,Con
Mark,Francois,uk.org.publicwhip/member/1772,Con
Mark,Harper,uk.org.publicwhip/member/1588,Con
Mark,Hoban,uk.org.publicwhip/member/1582,Con
Mark,Lancaster,uk.org.publicwhip/member/1715,Con
Mark,Prisk,uk.org.publicwhip/member/1631,Con
Mark,Pritchard,uk.org.publicwhip/member/1946,Con
Mark,Simmonds,uk.org.publicwhip/member/1435,Con
Michael,Ancram,uk.org.publicwhip/member/1537,Con
Michael,Fallon,uk.org.publicwhip/member/1808,Con
Michael,Gove,uk.org.publicwhip/member/1858,Con
Michael,Howard,uk.org.publicwhip/member/1587,Con
Michael,Jack,uk.org.publicwhip/member/1590,Con
Michael,Mates,uk.org.publicwhip/member/1611,Con
Michael,Penning,uk.org.publicwhip/member/1626,Con
Michael,Spicer,uk.org.publicwhip/member/1941,Con
Nicholas,Soames,uk.org.publicwhip/member/1860,Con
Nicholas,Winterton,uk.org.publicwhip/member/1699,Con
Nick,Gibb,uk.org.publicwhip/member/1429,Con
Nick,Herbert,uk.org.publicwhip/member/1377,Con
Nick,Hurd,uk.org.publicwhip/member/1792,Con
Nigel,Evans,uk.org.publicwhip/member/1781,Con
Nigel,Waterson,uk.org.publicwhip/member/1564,Con
Oliver,Heald,uk.org.publicwhip/member/1632,Con
Oliver,Letwin,uk.org.publicwhip/member/1549,Con
Owen,Paterson,uk.org.publicwhip/member/1818,Con
Patrick,Cormack,uk.org.publicwhip/member/2015,Con
Patrick,McLoughlin,uk.org.publicwhip/member/1536,Con
Patrick,Mercer,uk.org.publicwhip/member/1726,Con
Paul,Beresford,uk.org.publicwhip/member/1718,Con
Paul,Goodman,uk.org.publicwhip/member/1948,Con
Peter,Ainsworth,uk.org.publicwhip/member/1857,Con
Peter,Atkinson,uk.org.publicwhip/member/1635,Con
Peter,Bone,uk.org.publicwhip/member/1915,Con
Peter,Bottomley,uk.org.publicwhip/member/1945,Con
Peter,Luff,uk.org.publicwhip/member/1940,Con
Peter,Tapsell,uk.org.publicwhip/member/1695,Con
Peter,Viggers,uk.org.publicwhip/member/1596,Con
Philip,Davies,uk.org.publicwhip/member/1816,Con
Philip,Dunne,uk.org.publicwhip/member/1696,Con
Philip,Hammond,uk.org.publicwhip/member/1793,Con
Philip,Hollobone,uk.org.publicwhip/member/1661,Con
Richard,Bacon,uk.org.publicwhip/member/1738,Con
Richard,Benyon,uk.org.publicwhip/member/1727,Con
Richard,Ottaway,uk.org.publicwhip/member/1524,Con
Richard,Shepherd,uk.org.publicwhip/member/1370,Con
Richard,Spring,uk.org.publicwhip/member/1854,Con
Robert,Goodwill,uk.org.publicwhip/member/1804,Con
Robert,Key,uk.org.publicwhip/member/1803,Con
Robert,Syms,uk.org.publicwhip/member/1764,Con
Robert,Walter,uk.org.publicwhip/member/1547,Con
Roger,Gale,uk.org.publicwhip/member/1873,Con
Shailesh,Vara,uk.org.publicwhip/member/1475,Con
Simon,Burns,uk.org.publicwhip/member/1493,Con
Stephen,Crabb,uk.org.publicwhip/member/1768,Con
Stephen,Dorrell,uk.org.publicwhip/member/1490,Con
Stephen,Hammond,uk.org.publicwhip/member/1927,Con
Stephen,O'Brien,uk.org.publicwhip/member/1567,Con
Stewart,Jackson,uk.org.publicwhip/member/1759,Con
Theresa,May,uk.org.publicwhip/member/1700,Con
Theresa,Villiers,uk.org.publicwhip/member/1500,Con
Tim,Boswell,uk.org.publicwhip/member/1529,Con
Tim,Loughton,uk.org.publicwhip/member/1944,Con
Tim,Yeo,uk.org.publicwhip/member/1853,Con
Tobias,Ellwood,uk.org.publicwhip/member/1437,Con
Tony,Baldry,uk.org.publicwhip/member/1382,Con
William,Cash,uk.org.publicwhip/member/1844,Con
William,Hague,uk.org.publicwhip/member/1782,Con
Alan,Haselhurst,uk.org.publicwhip/member/2017,CWM
Michael,Lord,uk.org.publicwhip/member/2019,DCWM
Sylvia,Heal,uk.org.publicwhip/member/2018,DCWM
David,Simpson,uk.org.publicwhip/member/1892,DUP
Gregory,Campbell,uk.org.publicwhip/member/1693,DUP
Ian,Paisley,uk.org.publicwhip/member/1375,DUP
Iris,Robinson,uk.org.publicwhip/member/1846,DUP
Jeffrey M,Donaldson,uk.org.publicwhip/member/1666,DUP
Nigel,Dodds,uk.org.publicwhip/member/1401,DUP
Peter,Robinson,uk.org.publicwhip/member/1400,DUP
Sammy,Wilson,uk.org.publicwhip/member/1374,DUP
William,McCrea,uk.org.publicwhip/member/1376,DUP
Andrew,Pelling,uk.org.publicwhip/member/2036,Ind
Bob,Spink,uk.org.publicwhip/member/2038,Ind
Dai,Davies,uk.org.publicwhip/member/2022,Ind
Derek,Conway,uk.org.publicwhip/member/2028,Ind
Richard,Taylor,uk.org.publicwhip/member/1949,Ind
Robert,Wareing,uk.org.publicwhip/member/2029,Ind
Clare,Short,uk.org.publicwhip/member/2024,Ind Lab
Adam,Ingram,uk.org.publicwhip/member/1976,Lab
Adrian,Bailey,uk.org.publicwhip/member/1920,Lab
Alan,Campbell,uk.org.publicwhip/member/1887,Lab
Alan,Johnson,uk.org.publicwhip/member/1648,Lab
Alan,Keen,uk.org.publicwhip/member/1584,Lab
Alan,Meale,uk.org.publicwhip/member/1708,Lab
Alan,Milburn,uk.org.publicwhip/member/1527,Lab
Alan,Simpson,uk.org.publicwhip/member/1748,Lab
Alan,Whitehead,uk.org.publicwhip/member/1828,Lab
Alan,Williams,uk.org.publicwhip/member/1864,Lab
Albert,Owen,uk.org.publicwhip/member/1952,Lab
Alistair,Darling,uk.org.publicwhip/member/1981,Lab
Alun,Michael,uk.org.publicwhip/member/1482,Lab
Andrew,Dismore,uk.org.publicwhip/member/1628,Lab
Andrew,Love,uk.org.publicwhip/member/1568,Lab
Andrew,MacKinlay,uk.org.publicwhip/member/1875,Lab
Andrew,Miller,uk.org.publicwhip/member/1569,Lab
Andrew,Smith,uk.org.publicwhip/member/1755,Lab
Andy,Burnham,uk.org.publicwhip/member/1678,Lab
Angela,Eagle,uk.org.publicwhip/member/1899,Lab
Angela,Smith,uk.org.publicwhip/member/1388,Lab
Angela,Smith,uk.org.publicwhip/member/1814,Lab
Ann,Clwyd,uk.org.publicwhip/member/1525,Lab
Ann,Coffey,uk.org.publicwhip/member/1838,Lab
Ann,Cryer,uk.org.publicwhip/member/1659,Lab
Ann,McKechin,uk.org.publicwhip/member/1987,Lab
Anne,Begg,uk.org.publicwhip/member/1956,Lab
Anne,McGuire,uk.org.publicwhip/member/2013,Lab
Anne,Moffat,uk.org.publicwhip/member/1977,Lab
Ashok,Kumar,uk.org.publicwhip/member/1714,Lab
Austin,Mitchell,uk.org.publicwhip/member/1600,Lab
Barbara,Follett,uk.org.publicwhip/member/1837,Lab
Barbara,Keeley,uk.org.publicwhip/member/1943,Lab
Barry,Gardiner,uk.org.publicwhip/member/1446,Lab
Barry,Sheerman,uk.org.publicwhip/member/1645,Lab
Ben,Chapman,uk.org.publicwhip/member/1930,Lab
Betty,Williams,uk.org.publicwhip/member/1510,Lab
Beverley,Hughes,uk.org.publicwhip/member/1849,Lab
Bill,Etherington,uk.org.publicwhip/member/1855,Lab
Bill,Olner,uk.org.publicwhip/member/1749,Lab
Bill,Rammell,uk.org.publicwhip/member/1616,Lab
Bob,Ainsworth,uk.org.publicwhip/member/1516,Lab
Bob,Blizzard,uk.org.publicwhip/member/1912,Lab
Bob,Laxton,uk.org.publicwhip/member/1532,Lab
Brian H,Donohoe,uk.org.publicwhip/member/1962,Lab
Brian,Jenkins,uk.org.publicwhip/member/1867,Lab
Bridget,Prentice,uk.org.publicwhip/member/1682,Lab
Bruce,George,uk.org.publicwhip/member/1901,Lab
Caroline,Flint,uk.org.publicwhip/member/1543,Lab
Charles,Clarke,uk.org.publicwhip/member/1745,Lab
Charlotte,Atkins,uk.org.publicwhip/member/1834,Lab
Chris,McCafferty,uk.org.publicwhip/member/1471,Lab
Chris,Mole,uk.org.publicwhip/member/1653,Lab
Chris,Mullin,uk.org.publicwhip/member/1856,Lab
Chris,Ruane,uk.org.publicwhip/member/1894,Lab
Christine,Russell,uk.org.publicwhip/member/1496,Lab
Claire,Curtis-Thomas,uk.org.publicwhip/member/1521,Lab
Claire,Ward,uk.org.publicwhip/member/1911,Lab
Clive,Betts,uk.org.publicwhip/member/1809,Lab
Clive,Efford,uk.org.publicwhip/member/1571,Lab
Colin,Burgon,uk.org.publicwhip/member/1570,Lab
Colin,Challen,uk.org.publicwhip/member/1722,Lab
Dai,Havard,uk.org.publicwhip/member/1712,Lab
Dan,Norris,uk.org.publicwhip/member/1904,Lab
Dave,Watts,uk.org.publicwhip/member/1799,Lab
David,Anderson,uk.org.publicwhip/member/1427,Lab
David,Blunkett,uk.org.publicwhip/member/1810,Lab
David,Borrow,uk.org.publicwhip/member/1780,Lab
David,Clelland,uk.org.publicwhip/member/1886,Lab
David,Crausby,uk.org.publicwhip/member/1431,Lab
David,Hamilton,uk.org.publicwhip/member/2001,Lab
David,Hanson,uk.org.publicwhip/member/1530,Lab
David,Heyes,uk.org.publicwhip/member/1380,Lab
David,Lepper,uk.org.publicwhip/member/1454,Lab
David,Taylor,uk.org.publicwhip/member/1677,Lab
David,Winnick,uk.org.publicwhip/member/1900,Lab
Dawn,Butler,uk.org.publicwhip/member/1447,Lab
Dawn,Primarolo,uk.org.publicwhip/member/1457,Lab
Denis,Murphy,uk.org.publicwhip/member/1903,Lab
Dennis,Skinner,uk.org.publicwhip/member/1430,Lab
Derek,Twigg,uk.org.publicwhip/member/1609,Lab
Des,Browne,uk.org.publicwhip/member/1996,Lab
Desmond,Turner,uk.org.publicwhip/member/1453,Lab
Diane,Abbott,uk.org.publicwhip/member/1604,Lab
Don,Touhig,uk.org.publicwhip/member/1657,Lab
Doug,Henderson,uk.org.publicwhip/member/1731,Lab
Doug,Naysmith,uk.org.publicwhip/member/1456,Lab
Douglas,Alexander,uk.org.publicwhip/member/2008,Lab
Edward,O'Hara,uk.org.publicwhip/member/1665,Lab
Emily,Thornberry,uk.org.publicwhip/member/1656,Lab
Eric,Illsley,uk.org.publicwhip/member/1384,Lab
Eric,Martlew,uk.org.publicwhip/member/1484,Lab
Fabian,Hamilton,uk.org.publicwhip/member/1671,Lab
Fiona,Mactaggart,uk.org.publicwhip/member/1822,Lab
Frank,Cook,uk.org.publicwhip/member/1839,Lab
Frank,Dobson,uk.org.publicwhip/member/1639,Lab
Frank,Doran,uk.org.publicwhip/member/1955,Lab
Frank,Roy,uk.org.publicwhip/member/2003,Lab
Fraser,Kemp,uk.org.publicwhip/member/1643,Lab
Gareth,Thomas,uk.org.publicwhip/member/1619,Lab
Gavin,Strang,uk.org.publicwhip/member/1978,Lab
Geoff,Hoon,uk.org.publicwhip/member/1378,Lab
Geoffrey,Robinson,uk.org.publicwhip/member/1517,Lab
George,Howarth,uk.org.publicwhip/member/1664,Lab
George,Mudie,uk.org.publicwhip/member/1670,Lab
Gerald,Kaufman,uk.org.publicwhip/member/1706,Lab
Geraldine,Smith,uk.org.publicwhip/member/1721,Lab
Gerry,Sutcliffe,uk.org.publicwhip/member/1441,Lab
Glenda,Jackson,uk.org.publicwhip/member/1614,Lab
Gordon,Banks,uk.org.publicwhip/member/2005,Lab
Gordon,Brown,uk.org.publicwhip/member/1997,Lab
Gordon,Marsden,uk.org.publicwhip/member/1425,Lab
Gordon,Prentice,uk.org.publicwhip/member/1757,Lab
Graham,Allen,uk.org.publicwhip/member/1747,Lab
Graham,Stringer,uk.org.publicwhip/member/1704,Lab
Greg,Pope,uk.org.publicwhip/member/1650,Lab
Gwyn,Prosser,uk.org.publicwhip/member/1550,Lab
Harry,Cohen,uk.org.publicwhip/member/1684,Lab
Helen,Goodman,uk.org.publicwhip/member/1421,Lab
Helen,Jones,uk.org.publicwhip/member/1907,Lab
Helen,Southworth,uk.org.publicwhip/member/1908,Lab
Hilary,Armstrong,uk.org.publicwhip/member/1557,Lab
Hilary,Benn,uk.org.publicwhip/member/1669,Lab
Howard,Stoate,uk.org.publicwhip/member/1528,Lab
Hugh,Bayley,uk.org.publicwhip/member/1953,Lab
Huw,Irranca-Davies,uk.org.publicwhip/member/1750,Lab
Hywel,Francis,uk.org.publicwhip/member/1368,Lab
Iain,Wright,uk.org.publicwhip/member/1620,Lab
Ian,Austin,uk.org.publicwhip/member/1553,Lab
Ian,Davidson,uk.org.publicwhip/member/1991,Lab
Ian,Lucas,uk.org.publicwhip/member/1947,Lab
Ian,McCartney,uk.org.publicwhip/member/1702,Lab
Ian,Pearson,uk.org.publicwhip/member/1554,Lab
Ian,Stewart,uk.org.publicwhip/member/1566,Lab
Ivan,Lewis,uk.org.publicwhip/member/1467,Lab
Jack,Straw,uk.org.publicwhip/member/1423,Lab
Jacqui,Smith,uk.org.publicwhip/member/1776,Lab
James,McGovern,uk.org.publicwhip/member/1974,Lab
Jamie,Reed,uk.org.publicwhip/member/1511,Lab
Jane,Kennedy,uk.org.publicwhip/member/1690,Lab
Janet,Anderson,uk.org.publicwhip/member/1788,Lab
Janet,Dean,uk.org.publicwhip/member/1465,Lab
Jeff,Ennis,uk.org.publicwhip/member/1385,Lab
Jeremy,Corbyn,uk.org.publicwhip/member/1655,Lab
Jessica,Morden,uk.org.publicwhip/member/1732,Lab
Jim,Cousins,uk.org.publicwhip/member/1729,Lab
Jim,Cunningham,uk.org.publicwhip/member/1518,Lab
Jim,Devine,uk.org.publicwhip/member/2020,Lab
Jim,Dobbin,uk.org.publicwhip/member/1636,Lab
Jim,Dowd,uk.org.publicwhip/member/1683,Lab
Jim,Fitzpatrick,uk.org.publicwhip/member/1765,Lab
Jim,Sheridan,uk.org.publicwhip/member/2007,Lab
Jimmy,Hood,uk.org.publicwhip/member/1998,Lab
Joan,Humble,uk.org.publicwhip/member/1424,Lab
Joan,Ruddock,uk.org.publicwhip/member/1681,Lab
Joan,Ryan,uk.org.publicwhip/member/1572,Lab
Joan,Walley,uk.org.publicwhip/member/1842,Lab
Joe,Benton,uk.org.publicwhip/member/1434,Lab
John,Austin,uk.org.publicwhip/member/1577,Lab
John,Battle,uk.org.publicwhip/member/1673,Lab
John,Cummings,uk.org.publicwhip/member/1562,Lab
John,Grogan,uk.org.publicwhip/member/1807,Lab
John,Healey,uk.org.publicwhip/member/1918,Lab
John,Heppell,uk.org.publicwhip/member/1746,Lab
John,Hutton,uk.org.publicwhip/member/1387,Lab
John,Mann,uk.org.publicwhip/member/1390,Lab
John,McDonnell,uk.org.publicwhip/member/1624,Lab
John,McFall,uk.org.publicwhip/member/1972,Lab
John,Reid,uk.org.publicwhip/member/1958,Lab
John,Robertson,uk.org.publicwhip/member/1989,Lab
John,Smith,uk.org.publicwhip/member/1895,Lab
Jon,Cruddas,uk.org.publicwhip/member/1526,Lab
Jon,Trickett,uk.org.publicwhip/member/1627,Lab
Jonathan R,Shaw,uk.org.publicwhip/member/1491,Lab
Judy,Mallaber,uk.org.publicwhip/member/1373,Lab
Julie,Morgan,uk.org.publicwhip/member/1481,Lab
Kali,Mountford,uk.org.publicwhip/member/1508,Lab
Karen,Buck,uk.org.publicwhip/member/1777,Lab
Kate,Hoey,uk.org.publicwhip/member/1897,Lab
Katy,Clark,uk.org.publicwhip/member/1963,Lab
Keith,Hill,uk.org.publicwhip/member/1848,Lab
Keith,Vaz,uk.org.publicwhip/member/1674,Lab
Kelvin,Hopkins,uk.org.publicwhip/member/1697,Lab
Ken,Purchase,uk.org.publicwhip/member/1935,Lab
Kevan,Jones,uk.org.publicwhip/member/1556,Lab
Kevin,Barron,uk.org.publicwhip/member/1789,Lab
Khalid,Mahmood,uk.org.publicwhip/member/1417,Lab
Kim,Howells,uk.org.publicwhip/member/1763,Lab
Kitty,Ussher,uk.org.publicwhip/member/1464,Lab
Laura,Moffatt,uk.org.publicwhip/member/1519,Lab
Lindsay,Hoyle,uk.org.publicwhip/member/1501,Lab
Lindsay,Roy,uk.org.publicwhip/member/2037,Lab
Liz,Blackman,uk.org.publicwhip/member/1576,Lab
Lyn,Brown,uk.org.publicwhip/member/1921,Lab
Lynda,Waltho,uk.org.publicwhip/member/1845,Lab
Lynne,Jones,uk.org.publicwhip/member/1418,Lab
Madeleine,Moon,uk.org.publicwhip/member/1450,Lab
Malcolm,Wicks,uk.org.publicwhip/member/1523,Lab
Margaret,Beckett,uk.org.publicwhip/member/1533,Lab
Margaret,Hodge,uk.org.publicwhip/member/1383,Lab
Maria,Eagle,uk.org.publicwhip/member/1687,Lab
Mark,Fisher,uk.org.publicwhip/member/1841,Lab
Mark,Hendrick,uk.org.publicwhip/member/1769,Lab
Mark,Lazarowicz,uk.org.publicwhip/member/1979,Lab
Mark,Tami,uk.org.publicwhip/member/1372,Lab
Mark,Todd,uk.org.publicwhip/member/1535,Lab
Marsha,Singh,uk.org.publicwhip/member/1442,Lab
Martin,Caton,uk.org.publicwhip/member/1597,Lab
Martin,Linton,uk.org.publicwhip/member/1393,Lab
Martin,Salter,uk.org.publicwhip/member/1774,Lab
Martyn,Jones,uk.org.publicwhip/member/1505,Lab
Mary,Creagh,uk.org.publicwhip/member/1898,Lab
Meg,Hillier,uk.org.publicwhip/member/1605,Lab
Meg,Munn,uk.org.publicwhip/member/1813,Lab
Michael Jabez,Foster,uk.org.publicwhip/member/1622,Lab
Michael,Clapham,uk.org.publicwhip/member/1386,Lab
Michael,Connarty,uk.org.publicwhip/member/1999,Lab
Michael,Wills,uk.org.publicwhip/member/1865,Lab
Mike,Hall,uk.org.publicwhip/member/1914,Lab
Mike,Wood,uk.org.publicwhip/member/1392,Lab
Mohammad,Sarwar,uk.org.publicwhip/member/1985,Lab
Natascha,Engel,uk.org.publicwhip/member/1534,Lab
Neil,Gerrard,uk.org.publicwhip/member/1902,Lab
Neil,Turner,uk.org.publicwhip/member/1925,Lab
Nia,Griffith,uk.org.publicwhip/member/1692,Lab
Nick,Ainger,uk.org.publicwhip/member/1486,Lab
Nick,Brown,uk.org.publicwhip/member/1730,Lab
Nick,Raynsford,uk.org.publicwhip/member/1602,Lab
Nigel,Griffiths,uk.org.publicwhip/member/1980,Lab
Paddy,Tipping,uk.org.publicwhip/member/1815,Lab
Patricia,Hewitt,uk.org.publicwhip/member/1676,Lab
Patrick,Hall,uk.org.publicwhip/member/1396,Lab
Paul,Farrelly,uk.org.publicwhip/member/1728,Lab
Paul,Flynn,uk.org.publicwhip/member/1733,Lab
Paul,Goggins,uk.org.publicwhip/member/1950,Lab
Paul,Murphy,uk.org.publicwhip/member/1880,Lab
Paul,Truswell,uk.org.publicwhip/member/1770,Lab
Peter,Kilfoyle,uk.org.publicwhip/member/1689,Lab
Peter,Soulsby,uk.org.publicwhip/member/1675,Lab
Phil,Hope,uk.org.publicwhip/member/1512,Lab
Phil,Wilson,uk.org.publicwhip/member/2026,Lab
Phil,Woolas,uk.org.publicwhip/member/1752,Lab
Quentin,Davies,uk.org.publicwhip/member/2025,Lab
Richard,Burden,uk.org.publicwhip/member/1416,Lab
Richard,Caborn,uk.org.publicwhip/member/1811,Lab
Rob,Marris,uk.org.publicwhip/member/1937,Lab
Robert,Flello,uk.org.publicwhip/member/1843,Lab
Robert,Marshall-Andrews,uk.org.publicwhip/member/1709,Lab
Roberta,Blackman-Woods,uk.org.publicwhip/member/1558,Lab
Roger,Berry,uk.org.publicwhip/member/1663,Lab
Roger,Godsiff,uk.org.publicwhip/member/1419,Lab
Ronnie,Campbell,uk.org.publicwhip/member/1428,Lab
Rosemary,McKenna,uk.org.publicwhip/member/1968,Lab
Rosie,Cooper,uk.org.publicwhip/member/1667,Lab
Rosie,Winterton,uk.org.publicwhip/member/1544,Lab
Rudi,Vis,uk.org.publicwhip/member/1586,Lab
Ruth,Kelly,uk.org.publicwhip/member/1433,Lab
Sally,Keeble,uk.org.publicwhip/member/1741,Lab
Sandra,Osborne,uk.org.publicwhip/member/1961,Lab
Sharon,Hodgson,uk.org.publicwhip/member/1592,Lab
Shaun,Woodward,uk.org.publicwhip/member/1800,Lab
Shona,McIsaac,uk.org.publicwhip/member/1504,Lab
Siobhain,McDonagh,uk.org.publicwhip/member/1717,Lab
Siân,James,uk.org.publicwhip/member/1863,Lab
Stephen,Byers,uk.org.publicwhip/member/1888,Lab
Stephen,Hepburn,uk.org.publicwhip/member/1658,Lab
Stephen,Hesford,uk.org.publicwhip/member/1931,Lab
Stephen,Ladyman,uk.org.publicwhip/member/1874,Lab
Stephen,Pound,uk.org.publicwhip/member/1560,Lab
Stuart,Bell,uk.org.publicwhip/member/1713,Lab
Terry,Rooney,uk.org.publicwhip/member/1440,Lab
Thomas,McAvoy,uk.org.publicwhip/member/2012,Lab
Tom,Clarke,uk.org.publicwhip/member/1967,Lab
Tony,Cunningham,uk.org.publicwhip/member/1942,Lab
Tony,Lloyd,uk.org.publicwhip/member/1705,Lab
Tony,McNulty,uk.org.publicwhip/member/1618,Lab
Tony,Wright,uk.org.publicwhip/member/1478,Lab
Vernon,Coaker,uk.org.publicwhip/member/1593,Lab
Wayne,David,uk.org.publicwhip/member/1470,Lab
Yvette,Cooper,uk.org.publicwhip/member/1762,Lab
Adrian,Sanders,uk.org.publicwhip/member/1879,LDem
Alan,Beith,uk.org.publicwhip/member/1404,LDem
Alan,Reid,uk.org.publicwhip/member/1960,LDem
Andrew,Stunell,uk.org.publicwhip/member/1625,LDem
Annette,Brooke,uk.org.publicwhip/member/1546,LDem
Bob,Russell,uk.org.publicwhip/member/1507,LDem
Charles,Kennedy,uk.org.publicwhip/member/2011,LDem
Colin,Breed,uk.org.publicwhip/member/1514,LDem
Daniel,Rogerson,uk.org.publicwhip/member/1513,LDem
David,Heath,uk.org.publicwhip/member/1824,LDem
David,Howarth,uk.org.publicwhip/member/1473,LDem
David,Laws,uk.org.publicwhip/member/1951,LDem
Don,Foster,uk.org.publicwhip/member/1391,LDem
Evan,Harris,uk.org.publicwhip/member/1756,LDem
Jennifer,Willott,uk.org.publicwhip/member/1480,LDem
Jeremy,Browne,uk.org.publicwhip/member/1869,LDem
John,Barrett,uk.org.publicwhip/member/1982,LDem
John,Hemming,uk.org.publicwhip/member/1420,LDem
John,Leech,uk.org.publicwhip/member/1707,LDem
John,Pugh,uk.org.publicwhip/member/1830,LDem
John,Thurso,uk.org.publicwhip/member/1966,LDem
Lorely,Burt,uk.org.publicwhip/member/1823,LDem
Mark,Hunter,uk.org.publicwhip/member/2016,LDem
Mark,Oaten,uk.org.publicwhip/member/1928,LDem
Mark,Williams,uk.org.publicwhip/member/1489,LDem
Martin,Horwood,uk.org.publicwhip/member/1494,LDem
Matthew,Taylor,uk.org.publicwhip/member/1883,LDem
Menzies,Campbell,uk.org.publicwhip/member/1984,LDem
Mike,Hancock,uk.org.publicwhip/member/1767,LDem
Nick,Harvey,uk.org.publicwhip/member/1539,LDem
Norman,Baker,uk.org.publicwhip/member/1680,LDem
Paul,Burstow,uk.org.publicwhip/member/1861,LDem
Paul,Holmes,uk.org.publicwhip/member/1497,LDem
Paul,Keetch,uk.org.publicwhip/member/1630,LDem
Richard,Younger-Ross,uk.org.publicwhip/member/1870,LDem
Robert,Smith,uk.org.publicwhip/member/1957,LDem
Roger,Williams,uk.org.publicwhip/member/1444,LDem
Sarah,Teather,uk.org.publicwhip/member/1445,LDem
Simon,Hughes,uk.org.publicwhip/member/1831,LDem
Stephen,Williams,uk.org.publicwhip/member/1458,LDem
Elfyn,Llwyd,uk.org.publicwhip/member/1710,PC
Alasdair,McDonnell,uk.org.publicwhip/member/1402,SDLP
Eddie,McGrady,uk.org.publicwhip/member/1552,SDLP
Conor,Murphy,uk.org.publicwhip/member/1734,SF
Gerry,Adams,uk.org.publicwhip/member/1403,SF
Martin,McGuinness,uk.org.publicwhip/member/1890,SF
Michelle,Gildernew,uk.org.publicwhip/member/1585,SF
Pat,Doherty,uk.org.publicwhip/member/1889,SF
Alex,Salmond,uk.org.publicwhip/member/1964,SNP
Angus,MacNeil,uk.org.publicwhip/member/2004,SNP
John,Mason,uk.org.publicwhip/member/2035,SNP
Stewart,Hosie,uk.org.publicwhip/member/1973,SNP
John,Bercow,uk.org.publicwhip/member/40031,SPK
Lady,Hermon,uk.org.publicwhip/member/1551,UUP